{
  "emulators": {
    "auth": {
      "port": 9099
    },
    "firestore": {
      "port": 8080
    },
    "functions": {
      "port": 5001
    },
    "hosting": {
      "port": 5000
    },
    "storage": {
      "port": 9199
    },
    "database": {
      "port": 9000
    },
    "ui": {
      "enabled": true,
      "port": 4000
    },
    "singleProjectMode": true
  },
  "hosting": {
    "public": "dist/spa",
    "ignore": ["firebase.json", "**/.*", "**/node_modules/**"],
    "rewrites": [
      {
        "source": "**",
        "destination": "/index.html"
      }
    ]
  },
  "firestore": {
    "rules": "firestore.rules",
    "indexes": "firestore.indexes.json"
  },
  "storage": {
    "rules": "storage.rules"
  },
  "functions": {
    "predeploy": ["npm --prefix \"$RESOURCE_DIR\" run lint"],
    "source": "functions"
  }
}
