{
  "indexes": [
    {
      "collectionGroup": "collaborations",
      "queryScope": "COLLECTION",
      "fields": [
        {
          "fieldPath": "projectId",
          "order": "ASCENDING"
        },
        {
          "fieldPath": "lastModified",
          "order": "DESCENDING"
        }
      ]
    },
    {
      "collectionGroup": "content",
      "queryScope": "COLLECTION",
      "fields": [
        {
          "fieldPath": "type",
          "order": "ASCENDING"
        },
        {
          "fieldPath": "createdAt",
          "order": "DESCENDING"
        }
      ]
    },
    {
      "collectionGroup": "presence",
      "queryScope": "COLLECTION",
      "fields": [
        {
          "fieldPath": "projectId",
          "order": "ASCENDING"
        },
        {
          "fieldPath": "lastSeen",
          "order": "DESCENDING"
        }
      ]
    }
  ],
  "fieldOverrides": []
}
